food_name,food_category,serving_size,calories,protein_g,carbs_g,fat_g,fiber_g,sugar_g,sodium_mg,calcium_mg,iron_mg,vitamin_c_mg
Apple,Fruit,100,52,0.3,14.0,0.2,2.4,10.4,1,6,0.1,4.6
Banana,Fruit,100,89,1.1,22.8,0.3,2.6,12.2,1,5,0.3,8.7
Orange,Fruit,100,47,0.9,11.8,0.1,2.4,9.4,0,40,0.1,53.2
Mango,Fruit,100,60,0.8,15.0,0.4,1.6,13.7,1,11,0.2,36.4
Pineapple,Fruit,100,50,0.5,13.1,0.1,1.4,9.9,1,13,0.3,47.8
Watermelon,Fruit,100,30,0.6,7.6,0.2,0.4,6.2,1,7,0.2,8.1
Papaya,Fruit,100,43,0.5,10.8,0.3,1.7,7.8,8,20,0.3,60.9
Guava,Fruit,100,68,2.6,14.3,1.0,5.4,8.9,2,18,0.3,228.3
Grapes,Fruit,100,69,0.7,18.1,0.2,0.9,15.5,2,10,0.4,3.2
Strawberry,Fruit,100,32,0.7,7.7,0.3,2.0,4.9,1,16,0.4,58.8
Blueberry,Fruit,100,57,0.7,14.5,0.3,2.4,10.0,1,6,0.3,9.7
Raspberry,Fruit,100,52,1.2,11.9,0.7,6.5,4.4,1,25,0.7,26.2
Blackberry,Fruit,100,43,1.4,9.6,0.5,5.3,4.9,1,29,0.6,21.0
Kiwi,Fruit,100,61,1.1,14.7,0.5,3.0,9.0,3,34,0.3,92.7
Pear,Fruit,100,57,0.4,15.2,0.1,3.1,9.8,1,9,0.2,4.3
Peach,Fruit,100,39,0.9,9.5,0.3,1.5,8.4,0,6,0.3,6.6
Plum,Fruit,100,46,0.7,11.4,0.3,1.4,9.9,0,6,0.2,9.5
Cherry,Fruit,100,63,1.1,16.0,0.2,2.1,12.8,0,13,0.4,7.0
Apricot,Fruit,100,48,1.4,11.1,0.4,2.0,9.2,1,13,0.4,10.0
Pomegranate,Fruit,100,83,1.7,18.7,1.2,4.0,13.7,3,10,0.3,10.2
Coconut,Fruit,100,354,3.3,15.2,33.5,9.0,6.2,20,14,2.4,3.3
Avocado,Fruit,100,160,2.0,8.5,14.7,6.7,0.7,7,12,0.6,10.0
Lemon,Fruit,100,29,1.1,9.3,0.3,2.8,2.5,2,26,0.6,53.0
Lime,Fruit,100,30,0.7,10.5,0.2,2.8,1.7,2,33,0.6,29.1
Dragon Fruit,Fruit,100,60,1.2,13.0,0.4,3.0,8.0,1,18,0.7,3.0
Broccoli,Vegetable,100,34,2.8,6.6,0.4,2.6,1.7,33,47,0.7,89.2
Spinach,Vegetable,100,23,2.9,3.6,0.4,2.2,0.4,79,99,2.7,28.1
Carrot,Vegetable,100,41,0.9,9.6,0.2,2.8,4.7,69,33,0.3,5.9
Cucumber,Vegetable,100,15,0.7,3.6,0.1,0.5,1.7,2,16,0.3,2.8
Tomato,Vegetable,100,18,0.9,3.9,0.2,1.2,2.6,5,10,0.3,13.7
Potato,Vegetable,100,77,2.0,17.5,0.1,2.2,0.8,6,12,0.8,19.7
Sweet Potato,Vegetable,100,86,1.6,20.1,0.1,3.0,4.2,55,30,0.6,2.4
Onion,Vegetable,100,40,1.1,9.3,0.1,1.7,4.2,4,23,0.2,7.4
Garlic,Vegetable,100,149,6.4,33.1,0.5,2.1,1.0,17,181,1.7,31.2
Cabbage,Vegetable,100,25,1.3,5.8,0.1,2.5,3.2,18,40,0.5,36.6
Cauliflower,Vegetable,100,25,1.9,5.0,0.3,2.0,1.9,30,22,0.4,48.2
Bell Pepper Red,Vegetable,100,31,1.0,6.0,0.3,2.1,4.2,4,7,0.4,127.7
Bell Pepper Green,Vegetable,100,20,0.9,4.6,0.2,1.7,2.4,3,10,0.3,80.4
Bell Pepper Yellow,Vegetable,100,27,1.0,6.3,0.2,0.9,5.0,2,11,0.5,183.5
Mushroom,Vegetable,100,22,3.1,3.3,0.3,1.0,2.0,5,3,0.5,2.1
Green Beans,Vegetable,100,31,1.8,7.0,0.2,2.7,3.3,6,37,1.0,12.2
Peas,Vegetable,100,81,5.4,14.5,0.4,5.1,5.7,5,25,1.5,40.0
Beetroot,Vegetable,100,43,1.6,9.6,0.2,2.8,6.8,78,16,0.8,4.9
Pumpkin,Vegetable,100,26,1.0,6.5,0.1,0.5,2.8,1,21,0.8,9.0
Bottle Gourd,Vegetable,100,15,0.6,3.7,0.1,0.5,1.5,2,26,0.2,10.1
Bitter Gourd,Vegetable,100,17,1.0,3.7,0.2,2.8,1.9,6,19,0.4,84.0
Ridge Gourd,Vegetable,100,20,0.8,4.3,0.2,1.2,2.1,4,18,0.3,15.0
Snake Gourd,Vegetable,100,18,0.5,4.0,0.2,1.0,2.0,5,20,0.4,12.0
Brinjal,Vegetable,100,25,1.0,6.0,0.2,3.0,3.5,2,9,0.3,2.2
Drumstick,Vegetable,100,37,2.1,8.5,0.2,3.2,3.4,42,30,0.4,141.0
Okra,Vegetable,100,33,1.9,7.5,0.2,3.2,1.5,7,82,0.6,23.0
Radish,Vegetable,100,16,0.7,3.4,0.1,1.6,1.9,39,25,0.3,14.8
Turnip,Vegetable,100,28,0.9,6.4,0.1,1.8,3.8,67,30,0.3,21.0
Zucchini,Vegetable,100,17,1.2,3.1,0.3,1.0,2.5,8,16,0.4,17.9
Celery,Vegetable,100,16,0.7,3.0,0.2,1.6,1.3,80,40,0.2,3.1
Lettuce,Vegetable,100,15,1.4,2.9,0.2,1.3,0.8,28,36,0.9,9.2
Kale,Vegetable,100,49,4.3,8.8,0.9,3.6,2.3,38,150,1.5,120.0
Asparagus,Vegetable,100,20,2.2,3.9,0.1,2.1,1.9,2,24,2.1,5.6
Artichoke,Vegetable,100,47,3.3,10.5,0.2,5.4,0.9,94,44,1.3,11.7
Corn,Vegetable,100,86,3.3,19.0,1.4,2.7,3.2,15,2,0.5,6.8
Leek,Vegetable,100,61,1.5,14.2,0.3,1.8,3.9,20,59,2.1,12.0
Spring Onion,Vegetable,100,32,1.8,7.3,0.2,2.6,2.3,16,72,1.5,18.8
Fenugreek Leaves,Vegetable,100,49,4.4,6.0,0.9,4.5,0.5,67,176,1.9,52.0
Amaranth Leaves,Vegetable,100,23,2.5,4.0,0.3,2.1,0.4,20,215,2.3,43.0
Mustard Greens,Vegetable,100,27,2.9,4.7,0.4,3.2,1.3,20,115,1.6,70.0
Collard Greens,Vegetable,100,32,3.0,5.4,0.6,4.0,0.5,17,232,0.5,35.0
Swiss Chard,Vegetable,100,19,1.8,3.7,0.2,1.6,1.1,179,51,1.8,30.0
Parsley,Vegetable,100,36,3.0,6.3,0.8,3.3,0.9,56,138,6.2,133.0
Coriander Leaves,Vegetable,100,23,2.1,3.7,0.5,2.8,0.9,46,67,1.8,27.0
Mint Leaves,Vegetable,100,44,3.3,8.4,0.7,6.8,0.0,31,199,5.1,13.3
Curry Leaves,Vegetable,100,108,6.1,18.7,1.0,6.4,2.0,26,830,0.9,4.0
Lotus Stem,Vegetable,100,74,2.6,17.2,0.1,4.9,0.5,40,45,1.2,44.0
Raw Jackfruit,Vegetable,100,95,1.7,23.2,0.6,1.5,19.0,2,24,0.2,13.7
Egg,Egg,100,143,12.6,0.7,9.5,0.0,0.7,140,56,1.8,0.0
Whole Egg,Egg,100,143,12.6,0.7,9.5,0.0,0.7,140,56,1.8,0.0
Egg White,Egg,100,52,10.9,0.7,0.2,0.0,0.7,166,7,0.1,0.0
Egg Yolk,Egg,100,322,15.9,3.6,26.5,0.0,0.6,48,129,2.7,0.0
Boiled Egg,Egg,100,155,13.0,1.1,11.0,0.0,1.1,124,50,1.2,0.0
Boiled Egg White,Egg,100,52,10.9,0.7,0.2,0.0,0.7,166,7,0.1,0.0
Boiled Egg Yolk,Egg,100,322,15.9,3.6,26.5,0.0,0.6,48,129,2.7,0.0
Fried Egg,Egg,100,196,13.6,1.1,15.0,0.0,0.6,189,62,1.9,0.0
Scrambled Egg,Egg,100,148,10.0,2.0,10.0,0.0,1.5,145,54,1.7,0.0
Poached Egg,Egg,100,143,12.6,0.7,9.5,0.0,0.7,140,56,1.8,0.0
Omelette Plain,Egg,100,154,11.0,1.5,11.5,0.0,1.2,180,58,1.6,0.0
Egg Bhurji,Egg,100,172,12.5,4.2,12.0,0.8,2.0,260,60,2.0,5.0
Egg Curry,Egg,100,155,8.5,6.0,10.5,1.0,3.0,290,45,1.8,4.0
Duck Egg,Egg,100,185,13.0,1.5,14.0,0.0,1.0,146,64,3.9,0.0
Quail Egg,Egg,100,158,13.1,0.4,11.1,0.0,0.4,141,64,3.7,0.0
Chicken Breast,Meat,100,165,31.0,0.0,3.6,0.0,0.0,74,15,1.0,0.0
Chicken Tenderloin,Meat,100,114,23.0,0.0,1.2,0.0,0.0,45,13,0.7,0.0
Chicken Thigh,Meat,100,209,26.0,0.0,10.9,0.0,0.0,82,12,1.3,0.0
Chicken Drumstick,Meat,100,172,28.3,0.0,5.7,0.0,0.0,90,11,1.2,0.0
Chicken Wing,Meat,100,203,30.5,0.0,8.1,0.0,0.0,89,12,1.1,0.0
Chicken Leg,Meat,100,190,27.0,0.0,8.5,0.0,0.0,86,12,1.2,0.0
Chicken Liver,Meat,100,167,24.5,1.1,6.5,0.0,0.0,71,11,9.0,17.9
Chicken Heart,Meat,100,185,26.0,0.7,8.0,0.0,0.0,75,10,6.0,0.0
Chicken Gizzard,Meat,100,154,30.4,0.0,2.7,0.0,0.0,95,12,3.2,0.0
Whole Chicken,Meat,100,215,27.0,0.0,11.5,0.0,0.0,80,13,1.3,0.0
Turkey Breast,Meat,100,135,30.1,0.0,1.2,0.0,0.0,50,11,1.1,0.0
Turkey Thigh,Meat,100,170,28.0,0.0,5.0,0.0,0.0,65,13,1.5,0.0
Turkey Drumstick,Meat,100,155,27.0,0.0,3.8,0.0,0.0,60,12,1.3,0.0
Lean Beef,Meat,100,217,26.1,0.0,12.0,0.0,0.0,72,18,2.6,0.0
Beef Steak,Meat,100,271,25.0,0.0,19.0,0.0,0.0,55,18,2.4,0.0
Ground Beef,Meat,100,250,26.0,0.0,15.0,0.0,0.0,75,17,2.5,0.0
Beef Tenderloin,Meat,100,187,29.0,0.0,7.0,0.0,0.0,54,16,2.8,0.0
Beef Liver,Meat,100,135,20.4,3.9,3.6,0.0,0.0,69,5,6.5,27.0
Beef Kidney,Meat,100,99,17.4,0.0,3.1,0.0,0.0,182,13,4.6,11.0
Lean Mutton,Meat,100,206,25.6,0.0,10.0,0.0,0.0,72,10,2.3,0.0
Mutton Shoulder,Meat,100,219,24.0,0.0,13.0,0.0,0.0,75,11,2.1,0.0
Mutton Leg,Meat,100,205,26.0,0.0,10.0,0.0,0.0,71,12,2.2,0.0
Goat Meat,Meat,100,143,27.1,0.0,3.0,0.0,0.0,82,13,3.7,0.0
Goat Liver,Meat,100,140,20.0,3.0,4.0,0.0,0.0,72,8,6.0,20.0
Goat Kidney,Meat,100,97,17.0,1.0,3.0,0.0,0.0,170,14,4.2,10.0
Lean Pork,Meat,100,143,26.0,0.0,3.5,0.0,0.0,58,19,0.8,0.0
Pork Tenderloin,Meat,100,143,26.0,0.0,3.5,0.0,0.0,58,19,0.8,0.0
Pork Loin,Meat,100,242,27.0,0.0,14.0,0.0,0.0,62,19,0.9,0.0
Pork Liver,Meat,100,165,22.0,3.0,5.0,0.0,0.0,81,12,17.0,25.0
Duck Breast,Meat,100,201,28.4,0.0,8.2,0.0,0.0,63,13,4.5,0.0
Duck Meat,Meat,100,337,19.0,0.0,28.0,0.0,0.0,59,11,2.7,0.0
Duck Liver,Meat,100,136,19.0,2.0,5.0,0.0,0.0,70,10,10.0,24.0
Rabbit Meat,Meat,100,173,33.0,0.0,3.5,0.0,0.0,41,21,3.3,0.0
Quail Meat,Meat,100,134,25.0,0.0,4.2,0.0,0.0,51,15,4.5,0.0
Venison,Meat,100,158,30.2,0.0,3.2,0.0,0.0,51,8,4.5,0.0
Buffalo Meat,Meat,100,146,28.5,0.0,2.4,0.0,0.0,52,11,3.2,0.0
Lamb Liver,Meat,100,139,20.4,2.0,5.0,0.0,0.0,70,7,7.0,24.0
Lamb Kidney,Meat,100,97,16.5,1.0,3.2,0.0,0.0,175,13,4.4,9.5
Ostrich Meat,Meat,100,142,28.8,0.0,2.0,0.0,0.0,52,10,4.1,0.0
Emu Meat,Meat,100,119,22.0,0.0,2.7,0.0,0.0,43,9,3.5,0.0
Goose Meat,Meat,100,305,22.8,0.0,24.0,0.0,0.0,57,13,2.5,0.0
Pheasant Meat,Meat,100,133,29.0,0.0,1.8,0.0,0.0,58,15,1.2,0.0
Salmon,Fish,100,208,20.4,0.0,13.4,0.0,0.0,59,9,0.3,3.9
Atlantic Salmon,Fish,100,206,22.1,0.0,12.4,0.0,0.0,59,9,0.5,3.9
Pink Salmon,Fish,100,127,20.5,0.0,4.4,0.0,0.0,75,7,0.4,0.0
Tuna,Fish,100,132,28.0,0.0,1.3,0.0,0.0,37,8,1.0,2.0
Yellowfin Tuna,Fish,100,109,24.4,0.0,0.5,0.0,0.0,45,4,0.8,2.4
Skipjack Tuna,Fish,100,111,25.0,0.0,0.8,0.0,0.0,39,5,1.2,0.0
Sardine,Fish,100,208,24.6,0.0,11.5,0.0,0.0,307,382,2.9,0.0
Mackerel,Fish,100,205,18.6,0.0,13.9,0.0,0.0,90,12,1.6,1.6
Indian Mackerel,Fish,100,189,21.0,0.0,11.0,0.0,0.0,89,15,1.8,2.0
Rohu,Fish,100,97,17.8,0.0,2.0,0.0,0.0,70,20,1.0,0.0
Catla,Fish,100,111,19.5,0.0,3.2,0.0,0.0,68,17,0.8,0.0
Hilsa,Fish,100,310,25.2,0.0,22.0,0.0,0.0,89,21,2.1,0.0
Pomfret,Fish,100,123,19.0,0.0,4.8,0.0,0.0,72,16,1.2,0.0
King Fish,Fish,100,134,21.0,0.0,5.0,0.0,0.0,78,11,1.1,0.0
Seer Fish,Fish,100,130,20.2,0.0,4.8,0.0,0.0,69,12,0.9,0.0
Tilapia,Fish,100,128,26.2,0.0,2.7,0.0,0.0,52,10,0.6,0.0
Cod,Fish,100,82,18.0,0.0,0.7,0.0,0.0,54,16,0.4,1.0
Haddock,Fish,100,90,20.2,0.0,0.6,0.0,0.0,213,11,0.5,0.8
Halibut,Fish,100,111,20.8,0.0,2.3,0.0,0.0,80,9,0.3,0.0
Trout,Fish,100,168,24.0,0.0,7.0,0.0,0.0,52,25,0.9,2.9
Anchovy,Fish,100,131,20.3,0.0,4.8,0.0,0.0,104,147,3.3,0.0
Prawns,Seafood,100,99,24.0,0.2,0.3,0.0,0.0,148,70,0.5,0.0
Shrimp,Seafood,100,99,24.0,0.2,0.3,0.0,0.0,148,70,0.5,0.0
Tiger Prawns,Seafood,100,92,21.5,0.0,1.0,0.0,0.0,150,75,0.7,0.0
Lobster,Seafood,100,89,19.0,0.0,0.9,0.0,0.0,177,84,0.3,0.0
Crab,Seafood,100,97,19.4,0.0,1.5,0.0,0.0,291,91,0.8,3.3
Blue Crab,Seafood,100,87,18.1,0.0,1.1,0.0,0.0,260,85,0.7,2.8
Squid,Seafood,100,92,15.6,3.1,1.4,0.0,0.0,44,32,0.7,4.7
Octopus,Seafood,100,82,14.9,2.2,1.0,0.0,0.0,230,53,5.3,5.0
Cuttlefish,Seafood,100,79,16.2,0.8,0.7,0.0,0.0,140,35,1.2,2.0
Mussels,Seafood,100,172,24.0,7.4,4.5,0.0,0.0,286,26,6.7,8.0
Clams,Seafood,100,148,25.6,5.1,1.9,0.0,0.0,95,46,28.0,11.0
Oysters,Seafood,100,68,7.0,4.0,2.5,0.0,0.0,90,59,5.7,8.0
Scallops,Seafood,100,111,20.5,5.4,0.8,0.0,0.0,392,10,0.4,0.0
Dry Fish,Fish,100,290,62.0,0.0,2.5,0.0,0.0,1200,65,3.5,0.0
Fish Roe,Seafood,100,143,24.6,1.5,4.3,0.0,0.0,92,22,1.8,16.0
Surimi,Seafood,100,99,15.2,15.0,0.9,0.0,4.0,400,13,0.3,0.0
Smoked Salmon,Fish,100,117,18.3,0.0,4.3,0.0,0.0,672,11,0.4,0.0
Grilled Salmon,Fish,100,206,22.0,0.0,12.3,0.0,0.0,60,10,0.5,3.5
Grilled Tuna,Fish,100,132,29.0,0.0,1.2,0.0,0.0,40,8,1.0,0.0
Fish Fillet,Fish,100,105,22.5,0.0,1.5,0.0,0.0,68,12,0.6,0.0
Fish Curry,Fish,100,145,16.5,5.0,6.5,0.5,1.5,320,24,1.1,4.0
Fish Fry,Fish,100,210,20.0,8.0,11.0,0.6,1.2,450,20,1.2,2.0
Prawn Curry,Seafood,100,168,18.0,6.0,8.0,0.5,2.0,350,40,1.5,5.0
Grilled Prawns,Seafood,100,110,24.5,0.0,1.2,0.0,0.0,160,72,0.6,0.0
Steamed Fish,Fish,100,118,23.0,0.0,2.5,0.0,0.0,60,12,0.5,1.0
Boiled Fish,Fish,100,115,22.5,0.0,2.2,0.0,0.0,58,10,0.4,0.8
Whole Milk,Dairy,100,61,3.2,4.8,3.3,0.0,5.1,43,113,0.0,0.0
Skim Milk,Dairy,100,34,3.4,5.0,0.1,0.0,5.0,42,122,0.0,0.0
Low Fat Milk,Dairy,100,42,3.4,5.0,1.0,0.0,5.0,44,120,0.0,0.0
Toned Milk,Dairy,100,58,3.1,4.7,3.0,0.0,4.8,45,120,0.0,0.0
Double Toned Milk,Dairy,100,45,3.2,4.8,1.5,0.0,4.9,43,118,0.0,0.0
Buffalo Milk,Dairy,100,97,3.8,5.2,6.9,0.0,5.2,52,169,0.1,0.0
Goat Milk,Dairy,100,69,3.6,4.5,4.1,0.0,4.5,50,134,0.1,1.3
Cow Milk,Dairy,100,61,3.2,4.8,3.3,0.0,5.1,43,113,0.0,0.0
Curd,Dairy,100,61,3.5,4.7,3.3,0.0,4.7,46,121,0.1,0.8
Low Fat Curd,Dairy,100,48,4.0,4.8,1.5,0.0,4.8,45,125,0.1,0.9
Greek Yogurt,Dairy,100,59,10.3,3.6,0.4,0.0,3.2,36,110,0.1,0.7
Low Fat Greek Yogurt,Dairy,100,73,10.0,4.0,2.0,0.0,4.0,38,115,0.1,0.7
Plain Yogurt,Dairy,100,63,3.5,4.7,3.5,0.0,4.7,46,120,0.1,0.8
Paneer,Dairy,100,265,18.3,1.2,20.8,0.0,0.9,22,208,0.2,0.0
Low Fat Paneer,Dairy,100,145,24.0,3.0,4.0,0.0,2.0,28,250,0.3,0.0
Cottage Cheese,Dairy,100,98,11.1,3.4,4.3,0.0,2.7,364,83,0.1,0.0
Cheddar Cheese,Dairy,100,403,24.9,1.3,33.1,0.0,0.5,621,721,0.7,0.0
Mozzarella Cheese,Dairy,100,280,28.0,3.1,17.0,0.0,1.0,627,505,0.4,0.0
Parmesan Cheese,Dairy,100,431,38.0,4.1,29.0,0.0,0.9,1529,1184,0.8,0.0
Processed Cheese,Dairy,100,371,22.8,2.5,30.0,0.0,2.0,1246,700,0.6,0.0
Butter,Dairy,100,717,0.9,0.1,81.1,0.0,0.1,11,24,0.0,0.0
Salted Butter,Dairy,100,717,0.9,0.1,81.1,0.0,0.1,643,24,0.0,0.0
Unsalted Butter,Dairy,100,717,0.9,0.1,81.1,0.0,0.1,11,24,0.0,0.0
Ghee,Dairy,100,884,0.0,0.0,100.0,0.0,0.0,2,4,0.0,0.0
Fresh Cream,Dairy,100,340,2.1,3.0,36.0,0.0,3.0,38,66,0.1,0.0
Whipping Cream,Dairy,100,345,2.0,3.0,37.0,0.0,3.0,39,65,0.1,0.0
Sour Cream,Dairy,100,193,2.4,4.6,19.0,0.0,3.4,31,110,0.1,0.0
Buttermilk,Dairy,100,40,3.3,4.8,0.9,0.0,4.8,41,116,0.0,1.0
Lassi Plain,Dairy,100,62,3.1,6.0,2.5,0.0,5.6,44,110,0.1,0.8
Chocolate Milk,Dairy,100,83,3.2,10.0,3.4,0.0,9.8,65,113,0.1,0.0
Condensed Milk,Dairy,100,321,7.9,54.4,8.7,0.0,54.4,127,284,0.2,2.6
Evaporated Milk,Dairy,100,134,6.8,10.0,7.6,0.0,10.0,106,261,0.2,1.0
Milk Powder,Dairy,100,496,26.3,38.4,26.7,0.0,38.4,371,912,0.3,5.0
Casein,Dairy,100,360,80.0,6.0,1.0,0.0,1.0,250,900,0.5,0.0
Whey Protein Concentrate,Dairy,100,400,80.0,8.0,7.0,0.0,5.0,180,450,0.5,0.0
Whey Protein Isolate,Dairy,100,370,90.0,2.0,1.0,0.0,1.0,160,420,0.4,0.0
Chocolate Whey Protein,Dairy,100,390,75.0,12.0,5.0,1.0,6.0,210,400,0.5,0.0
Vanilla Whey Protein,Dairy,100,388,76.0,11.0,5.0,1.0,5.0,205,398,0.5,0.0
White Rice,Grains,100,130,2.7,28.2,0.3,0.4,0.1,1,10,0.2,0.0
Brown Rice,Grains,100,111,2.6,23.0,0.9,1.8,0.4,5,10,0.4,0.0
Basmati Rice,Grains,100,121,3.5,25.2,0.4,0.6,0.1,1,9,0.3,0.0
Red Rice,Grains,100,112,2.8,23.5,0.8,1.9,0.3,4,12,0.5,0.0
Black Rice,Grains,100,145,4.0,32.0,1.2,2.1,0.5,5,15,1.8,0.0
Wild Rice,Grains,100,101,4.0,21.3,0.3,1.8,0.7,3,21,0.6,0.0
Oats,Grains,100,389,16.9,66.3,6.9,10.6,0.9,2,54,4.7,0.0
Rolled Oats,Grains,100,379,13.2,67.7,6.5,10.1,0.9,2,52,4.2,0.0
Steel Cut Oats,Grains,100,375,13.5,67.0,6.2,10.3,0.8,2,50,4.0,0.0
Instant Oats,Grains,100,385,15.0,67.5,6.8,9.5,1.0,3,55,4.5,0.0
Quinoa,Grains,100,120,4.4,21.3,1.9,2.8,0.9,7,17,1.5,0.0
Barley,Grains,100,354,12.5,73.5,2.3,17.3,0.8,12,33,3.6,0.0
Whole Wheat,Grains,100,340,13.2,72.0,2.5,10.7,0.4,2,34,3.6,0.0
Broken Wheat,Grains,100,342,12.3,75.9,1.3,12.5,0.4,3,35,2.5,0.0
Semolina,Grains,100,360,12.7,72.8,1.1,3.9,0.4,1,17,1.2,0.0
Corn,Grains,100,365,9.4,74.3,4.7,7.3,0.6,35,7,2.7,0.0
Sweet Corn,Grains,100,86,3.3,19.0,1.4,2.7,3.2,15,2,0.5,6.8
Popcorn,Grains,100,387,12.9,78.0,4.5,15.0,0.9,8,7,3.2,0.0
Ragi,Grains,100,336,7.3,72.0,1.5,11.5,0.6,11,344,3.9,0.0
Jowar,Grains,100,329,10.4,72.6,3.1,6.7,2.5,6,25,4.1,0.0
Bajra,Grains,100,361,11.6,67.5,5.0,8.5,1.2,5,42,8.0,0.0
Foxtail Millet,Grains,100,331,12.3,60.9,4.3,8.0,0.6,4,31,2.8,0.0
Little Millet,Grains,100,329,9.7,67.0,4.7,7.6,1.0,5,17,9.3,0.0
Barnyard Millet,Grains,100,307,11.2,55.0,3.9,10.1,0.5,5,20,5.0,0.0
Kodo Millet,Grains,100,353,8.3,66.6,3.6,9.0,1.1,4,27,1.7,0.0
Pearl Millet,Grains,100,361,11.8,67.0,5.0,8.5,1.2,5,42,8.0,0.0
Finger Millet,Grains,100,336,7.3,72.0,1.5,11.5,0.6,11,344,3.9,0.0
Amaranth Grain,Grains,100,371,13.6,65.3,7.0,6.7,1.7,4,159,7.6,0.0
Buckwheat,Grains,100,343,13.3,71.5,3.4,10.0,0.9,1,18,2.2,0.0
Rice Flakes (Poha),Grains,100,350,6.7,76.9,1.0,2.5,0.2,5,20,1.5,0.0
Puffed Rice,Grains,100,402,6.5,90.3,0.5,0.7,0.1,3,5,1.0,0.0
Rice Vermicelli,Grains,100,364,7.0,80.0,0.5,1.2,0.2,10,8,0.8,0.0
Whole Wheat Bread,Grains,100,247,13.0,41.0,4.2,7.0,5.0,430,107,3.6,0.0
Brown Bread,Grains,100,252,12.4,43.0,4.1,6.5,5.1,410,105,3.5,0.0
Multigrain Bread,Grains,100,265,13.5,44.0,5.0,7.2,5.5,420,112,3.8,0.0
White Bread,Grains,100,265,9.0,49.0,3.2,2.7,5.0,491,144,3.6,0.0
Whole Wheat Pasta,Grains,100,348,13.0,72.0,2.5,8.0,2.5,6,21,3.2,0.0
Pasta,Grains,100,371,13.0,75.0,1.5,3.2,2.7,6,17,1.3,0.0
Macaroni,Grains,100,371,12.5,74.8,1.5,3.2,2.7,6,17,1.2,0.0
Noodles,Grains,100,138,4.5,25.0,2.1,1.3,0.4,270,12,0.8,0.0
Chickpeas,Legumes,100,364,19.3,60.7,6.0,17.4,10.7,24,105,6.2,4.0
Boiled Chickpeas,Legumes,100,164,8.9,27.4,2.6,7.6,4.8,7,49,2.9,1.3
Black Chickpeas,Legumes,100,360,20.5,61.0,5.5,18.0,11.0,30,57,9.5,2.0
Boiled Black Chickpeas,Legumes,100,170,9.5,28.0,2.5,8.0,5.0,8,52,3.1,1.2
Green Gram,Legumes,100,347,24.0,63.0,1.2,16.3,6.6,15,132,6.7,4.8
Boiled Green Gram,Legumes,100,105,7.0,19.0,0.4,7.6,2.0,6,27,1.4,1.0
Black Gram,Legumes,100,341,25.2,58.9,1.6,18.3,0.3,38,138,7.6,0.0
Boiled Black Gram,Legumes,100,116,8.0,20.0,0.6,8.0,0.5,8,30,2.0,0.0
Red Lentils,Legumes,100,353,25.8,60.1,1.1,10.7,2.0,6,35,7.5,1.5
Boiled Red Lentils,Legumes,100,116,9.0,20.1,0.4,7.9,1.8,2,19,3.3,1.4
Brown Lentils,Legumes,100,352,24.6,63.4,1.1,10.7,2.0,6,35,6.5,1.5
Boiled Brown Lentils,Legumes,100,116,9.0,20.1,0.4,7.9,1.8,2,19,3.3,1.4
Kidney Beans,Legumes,100,333,24.4,60.0,0.8,24.9,2.2,24,83,8.2,4.5
Boiled Kidney Beans,Legumes,100,127,8.7,22.8,0.5,6.4,0.3,1,28,2.9,0.0
Rajma,Legumes,100,333,24.0,60.0,0.8,24.0,2.2,24,83,8.2,4.5
Boiled Rajma,Legumes,100,127,8.7,22.8,0.5,6.4,0.3,1,28,2.9,0.0
White Beans,Legumes,100,333,23.4,60.0,0.9,15.2,2.0,12,240,10.4,0.0
Boiled White Beans,Legumes,100,139,9.7,25.0,0.4,6.3,0.3,2,90,3.7,0.0
Black Beans,Legumes,100,341,21.6,62.4,1.4,15.5,2.1,5,123,5.0,0.0
Boiled Black Beans,Legumes,100,132,8.9,23.7,0.5,8.7,0.3,1,27,2.1,0.0
Pinto Beans,Legumes,100,347,21.4,62.6,1.2,15.5,2.1,6,51,5.1,0.0
Boiled Pinto Beans,Legumes,100,143,9.0,26.2,0.6,9.0,0.3,2,46,2.1,0.0
Soybeans,Legumes,100,446,36.5,30.2,19.9,9.3,7.3,2,277,15.7,6.0
Boiled Soybeans,Legumes,100,173,16.6,9.9,9.0,6.0,3.0,2,102,5.1,1.7
Soya Chunks,Legumes,100,345,52.0,33.0,0.5,13.0,7.0,30,350,9.5,0.0
Toor Dal,Legumes,100,343,22.3,62.8,1.7,15.0,2.5,17,73,5.2,2.0
Boiled Toor Dal,Legumes,100,116,7.2,20.0,0.4,7.0,1.5,2,22,2.0,0.8
Masoor Dal,Legumes,100,352,25.1,60.0,1.1,11.0,2.0,6,35,7.5,1.5
Boiled Masoor Dal,Legumes,100,116,9.0,20.0,0.4,8.0,1.8,2,19,3.3,1.4
Moong Dal,Legumes,100,347,24.0,63.0,1.2,16.0,6.5,15,132,6.7,4.8
Boiled Moong Dal,Legumes,100,105,7.0,19.0,0.4,7.6,2.0,6,27,1.4,1.0
Urad Dal,Legumes,100,341,25.2,58.9,1.6,18.0,0.3,38,138,7.6,0.0
Boiled Urad Dal,Legumes,100,116,8.0,20.0,0.6,8.0,0.5,8,30,2.0,0.0
Cowpeas,Legumes,100,336,23.5,60.0,1.3,10.6,4.0,4,77,8.3,1.5
Boiled Cowpeas,Legumes,100,116,8.0,20.8,0.5,6.5,1.5,3,28,2.5,0.8
Horse Gram,Legumes,100,321,22.0,57.0,0.5,5.3,0.0,9,287,7.0,1.0
Boiled Horse Gram,Legumes,100,120,9.0,20.0,0.6,5.5,1.0,5,35,2.8,0.5
Green Peas,Legumes,100,81,5.4,14.5,0.4,5.1,5.7,5,25,1.5,40.0
Boiled Green Peas,Legumes,100,84,5.4,15.6,0.4,5.5,5.9,3,27,1.6,14.0
Almonds,Nuts & Seeds,100,579,21.2,21.6,49.9,12.5,4.4,1,269,3.7,0.0
Soaked Almonds,Nuts & Seeds,100,575,21.0,21.0,49.0,12.0,4.2,1,265,3.6,0.0
Roasted Almonds,Nuts & Seeds,100,598,20.5,19.5,52.5,11.8,3.8,3,260,3.4,0.0
Cashews,Nuts & Seeds,100,553,18.2,30.2,43.8,3.3,5.9,12,37,6.7,0.5
Roasted Cashews,Nuts & Seeds,100,574,18.0,30.0,46.0,3.2,5.8,15,35,6.5,0.3
Walnuts,Nuts & Seeds,100,654,15.2,13.7,65.2,6.7,2.6,2,98,2.9,1.3
Pistachios,Nuts & Seeds,100,562,20.2,28.0,45.3,10.3,7.7,1,105,4.0,5.6
Peanuts,Nuts & Seeds,100,567,25.8,16.1,49.2,8.5,4.7,18,92,4.6,0.0
Roasted Peanuts,Nuts & Seeds,100,587,24.5,21.5,49.7,8.2,4.5,6,90,4.5,0.0
Boiled Peanuts,Nuts & Seeds,100,318,13.5,21.3,22.0,8.8,2.5,6,55,1.3,0.0
Peanut Butter,Nuts & Seeds,100,588,25.1,20.0,50.4,6.0,9.2,476,43,1.9,0.0
Natural Peanut Butter,Nuts & Seeds,100,598,26.0,18.0,52.0,7.5,5.5,10,45,2.0,0.0
Hazelnuts,Nuts & Seeds,100,628,15.0,16.7,60.8,9.7,4.3,0,114,4.7,6.3
Macadamia Nuts,Nuts & Seeds,100,718,7.9,13.8,75.8,8.6,4.6,5,85,3.7,1.2
Brazil Nuts,Nuts & Seeds,100,659,14.3,11.7,67.1,7.5,2.3,3,160,2.4,0.7
Pecans,Nuts & Seeds,100,691,9.2,13.9,72.0,9.6,4.0,0,70,2.5,1.1
Pine Nuts,Nuts & Seeds,100,673,13.7,13.1,68.4,3.7,3.6,2,16,5.5,0.8
Chestnuts,Nuts & Seeds,100,213,2.4,45.5,2.3,8.1,10.6,3,27,0.9,26.7
Chia Seeds,Nuts & Seeds,100,486,16.5,42.1,30.7,34.4,0.0,16,631,7.7,1.6
Flax Seeds,Nuts & Seeds,100,534,18.3,28.9,42.2,27.3,1.6,30,255,5.7,0.6
Pumpkin Seeds,Nuts & Seeds,100,559,30.2,10.7,49.1,6.0,1.4,7,46,8.8,1.9
Sunflower Seeds,Nuts & Seeds,100,584,20.8,20.0,51.5,8.6,2.6,9,78,5.3,1.4
Sesame Seeds,Nuts & Seeds,100,573,17.7,23.4,49.7,11.8,0.3,11,975,14.6,0.0
Black Sesame Seeds,Nuts & Seeds,100,570,18.0,22.0,50.0,12.0,0.2,10,980,15.0,0.0
White Sesame Seeds,Nuts & Seeds,100,573,17.7,23.4,49.7,11.8,0.3,11,975,14.6,0.0
Watermelon Seeds,Nuts & Seeds,100,557,28.3,15.3,47.4,4.0,0.6,99,54,7.3,0.0
Melon Seeds,Nuts & Seeds,100,541,28.0,15.0,46.0,4.5,1.0,35,36,7.8,0.0
Hemp Seeds,Nuts & Seeds,100,553,31.6,8.7,48.8,4.0,1.5,5,70,7.9,0.5
Mixed Nuts,Nuts & Seeds,100,607,20.5,20.2,54.0,8.5,4.6,10,120,4.0,1.8
Trail Mix,Nuts & Seeds,100,462,14.0,45.0,24.0,7.0,32.0,180,95,2.8,1.5
Coconut Dry,Nuts & Seeds,100,660,6.9,24.0,64.5,16.3,7.4,37,14,2.4,1.5
Dry Coconut Powder,Nuts & Seeds,100,650,7.2,22.0,64.0,15.0,6.8,40,15,2.3,1.2
Lotus Seeds (Makhana),Nuts & Seeds,100,347,9.7,76.9,0.1,14.5,0.0,5,60,1.4,0.0
Roasted Makhana,Nuts & Seeds,100,360,10.0,77.5,0.8,14.8,0.2,8,62,1.5,0.0
Fox Nuts,Nuts & Seeds,100,347,9.7,76.9,0.1,14.5,0.0,5,60,1.4,0.0
Soy Nuts,Nuts & Seeds,100,449,43.0,30.0,21.0,9.0,7.0,6,240,9.0,0.0
Almond Butter,Nuts & Seeds,100,614,21.0,19.0,56.0,10.5,4.5,5,347,3.9,0.0
Cashew Butter,Nuts & Seeds,100,587,18.0,28.0,47.0,3.5,5.0,15,40,6.4,0.0
Tahini,Nuts & Seeds,100,595,17.0,21.0,54.0,9.3,0.5,115,426,8.9,0.0
Protein Bar,Fitness Foods,100,380,30.0,35.0,12.0,8.0,12.0,250,180,3.5,0.0
Chocolate Protein Bar,Fitness Foods,100,395,28.0,38.0,13.0,7.0,15.0,260,170,3.2,0.0
Peanut Butter Protein Bar,Fitness Foods,100,410,29.0,34.0,16.0,8.0,11.0,240,190,3.4,0.0
Cookies & Cream Protein Bar,Fitness Foods,100,390,27.0,36.0,14.0,7.0,13.0,255,175,3.1,0.0
Caramel Protein Bar,Fitness Foods,100,400,26.0,39.0,14.5,6.5,16.0,270,180,3.0,0.0
Brownie Protein Bar,Fitness Foods,100,405,28.0,37.0,15.0,6.8,14.0,265,185,3.3,0.0
Almond Protein Bar,Fitness Foods,100,420,30.0,32.0,18.0,9.0,9.0,230,200,3.8,0.0
Oats Protein Bar,Fitness Foods,100,390,24.0,44.0,11.0,10.0,10.0,220,165,3.2,0.0
Fruit & Nut Protein Bar,Fitness Foods,100,385,20.0,46.0,12.0,8.0,18.0,180,140,2.8,6.0
Vegan Protein Bar,Fitness Foods,100,370,25.0,35.0,11.0,9.0,10.0,210,160,4.0,2.0
Oats,Grains,100,389,16.9,66.3,6.9,10.6,0.9,2,54,4.7,0.0
Rolled Oats,Grains,100,379,13.2,67.7,6.5,10.1,0.9,2,52,4.2,0.0
Steel Cut Oats,Grains,100,375,13.5,67.0,6.2,10.3,0.8,2,50,4.0,0.0
Instant Oats,Grains,100,385,15.0,67.5,6.8,9.5,1.0,3,55,4.5,0.0
Quick Oats,Grains,100,385,15.2,67.8,6.7,9.7,1.0,3,54,4.4,0.0
Old Fashioned Oats,Grains,100,380,13.5,68.0,6.8,10.0,0.9,2,53,4.3,0.0
High Protein Oats,Grains,100,400,22.0,58.0,8.0,9.5,1.5,5,60,5.2,0.0
Pintola High Protein Oats,Fitness Foods,100,390,21.0,60.0,7.0,9.0,1.5,5,55,5.0,0.0
Quaker Oats,Grains,100,389,16.9,66.3,6.9,10.6,0.9,2,54,4.7,0.0
Saffola Oats,Grains,100,385,15.5,67.0,7.0,9.5,1.0,4,52,4.5,0.0
Idli,Healthy Indian Food,100,146,4.5,31.0,0.7,2.0,1.2,180,12,0.8,0.0
Plain Dosa,Healthy Indian Food,100,184,4.5,30.0,3.7,1.2,0.8,220,14,0.9,0.0
Ragi Dosa,Healthy Indian Food,100,165,5.0,29.0,2.5,3.2,1.0,210,120,2.3,0.0
Oats Dosa,Healthy Indian Food,100,170,6.0,28.0,3.0,4.2,1.1,180,35,1.8,0.0
Pesarattu,Healthy Indian Food,100,160,8.5,24.0,3.0,5.0,1.0,170,28,2.2,0.0
Upma,Healthy Indian Food,100,140,4.0,24.0,3.0,2.2,1.5,210,18,0.9,0.0
Vegetable Upma,Healthy Indian Food,100,125,4.5,21.0,3.0,3.2,2.5,180,22,1.2,8.0
Poha,Healthy Indian Food,100,130,2.8,27.0,1.8,2.0,2.2,190,14,0.8,6.0
Vegetable Poha,Healthy Indian Food,100,122,3.2,24.0,2.0,3.0,2.8,180,20,1.0,10.0
Khichdi,Healthy Indian Food,100,118,4.0,22.0,1.8,2.6,1.5,150,18,1.0,2.0
Vegetable Khichdi,Healthy Indian Food,100,112,4.5,20.0,2.0,3.5,2.0,140,22,1.1,8.0
Plain Chapati,Healthy Indian Food,100,297,9.6,55.0,3.2,8.0,1.2,280,34,3.6,0.0
Phulka,Healthy Indian Food,100,265,9.0,51.0,2.8,7.2,1.0,240,30,3.2,0.0
Whole Wheat Roti,Healthy Indian Food,100,290,10.0,54.0,3.1,8.5,1.3,270,36,3.8,0.0
Jowar Roti,Healthy Indian Food,100,270,8.5,56.0,2.5,6.8,1.5,230,28,3.4,0.0
Bajra Roti,Healthy Indian Food,100,275,9.8,54.0,3.0,8.0,1.2,220,38,5.0,0.0
Ragi Roti,Healthy Indian Food,100,260,8.0,53.0,2.2,9.5,1.0,210,180,4.2,0.0
Brown Rice Khichdi,Healthy Indian Food,100,115,4.2,21.0,1.7,3.2,1.4,140,20,1.0,2.0
Curd Rice,Healthy Indian Food,100,132,4.0,23.0,2.5,0.5,1.5,210,85,0.5,1.0
Vegetable Pulao,Healthy Indian Food,100,145,4.2,27.0,2.8,2.5,2.0,190,18,0.8,6.0
Lemon Rice,Healthy Indian Food,100,150,3.2,29.0,3.2,1.2,1.6,220,15,0.7,5.0
Tomato Rice,Healthy Indian Food,100,148,3.5,28.0,3.0,1.8,2.1,210,20,0.9,9.0
Vegetable Rice,Healthy Indian Food,100,140,4.0,26.0,2.8,2.5,2.0,180,22,1.0,10.0
Sambar,Healthy Indian Food,100,75,3.5,10.0,2.0,2.8,2.5,260,32,1.2,8.0
Rasam,Healthy Indian Food,100,42,1.5,7.0,0.8,1.2,1.5,230,18,0.6,10.0
Dal Tadka,Healthy Indian Food,100,116,6.5,16.0,2.8,4.5,1.8,250,28,2.0,3.0
Moong Dal Curry,Healthy Indian Food,100,110,7.0,17.0,1.6,4.8,1.5,180,26,1.8,2.0
Rajma Curry,Healthy Indian Food,100,128,7.5,18.0,2.5,5.5,2.0,240,35,2.4,3.0
Chole,Healthy Indian Food,100,165,8.9,24.0,4.5,6.5,4.5,280,40,2.8,2.0
Palak Paneer,Healthy Indian Food,100,170,10.5,7.5,11.5,2.5,2.0,280,180,2.6,22.0
Paneer Bhurji,Healthy Indian Food,100,210,15.0,6.0,15.0,1.5,2.0,260,220,1.5,8.0
Vegetable Curry,Healthy Indian Food,100,95,3.0,12.0,3.5,3.5,3.0,180,30,1.2,12.0
Mixed Vegetable Sabzi,Healthy Indian Food,100,90,3.2,11.0,3.2,3.8,2.8,170,28,1.3,15.0
Bhindi Sabzi,Healthy Indian Food,100,88,2.2,10.5,3.8,3.8,2.2,160,65,0.8,18.0
Cabbage Sabzi,Healthy Indian Food,100,82,2.0,9.0,3.2,3.6,2.5,150,40,0.9,22.0
Beans Poriyal,Healthy Indian Food,100,96,3.0,11.5,3.8,4.0,2.0,170,45,1.1,16.0
Coconut Water,Healthy Drinks,100,19,0.7,3.7,0.2,1.1,2.6,105,24,0.3,2.4
Lemon Water,Healthy Drinks,100,8,0.1,2.5,0.1,0.2,0.8,2,6,0.1,18.0
Warm Lemon Water,Healthy Drinks,100,8,0.1,2.5,0.1,0.2,0.8,2,6,0.1,18.0
Green Tea,Healthy Drinks,100,1,0.0,0.2,0.0,0.0,0.0,1,0,0.0,0.0
Black Tea,Healthy Drinks,100,1,0.0,0.3,0.0,0.0,0.0,2,0,0.0,0.0
Black Coffee,Healthy Drinks,100,2,0.3,0.0,0.0,0.0,0.0,5,2,0.0,0.0
Coffee With Milk,Healthy Drinks,100,35,1.8,4.5,1.2,0.0,4.0,35,60,0.0,0.0
Fresh Orange Juice,Healthy Drinks,100,45,0.7,10.4,0.2,0.2,8.4,1,11,0.2,50.0
Fresh Apple Juice,Healthy Drinks,100,46,0.1,11.3,0.1,0.2,9.6,4,8,0.1,0.9
Fresh Pomegranate Juice,Healthy Drinks,100,54,0.3,13.1,0.2,0.1,12.6,3,11,0.2,10.0
Watermelon Juice,Healthy Drinks,100,30,0.6,7.6,0.2,0.4,6.2,1,7,0.2,8.1
Sugarcane Juice,Healthy Drinks,100,83,0.2,20.2,0.1,0.2,18.0,15,11,0.3,2.0
Tomato Juice,Healthy Drinks,100,17,0.9,3.5,0.2,0.8,2.6,10,10,0.3,13.0
Carrot Juice,Healthy Drinks,100,40,0.9,9.3,0.2,0.8,4.5,66,24,0.3,8.5
Beetroot Juice,Healthy Drinks,100,43,1.6,9.6,0.2,2.8,6.8,78,16,0.8,4.9
Mixed Vegetable Juice,Healthy Drinks,100,28,1.2,5.8,0.2,1.5,3.5,30,20,0.5,12.0
Spinach Juice,Healthy Drinks,100,23,2.9,3.6,0.4,2.2,0.4,79,99,2.7,28.0
Amla Juice,Healthy Drinks,100,44,0.9,10.2,0.6,4.3,0.0,3,25,0.3,252.0
Aloe Vera Juice,Healthy Drinks,100,15,0.2,3.7,0.1,0.3,2.8,8,13,0.2,3.0
Buttermilk,Healthy Drinks,100,40,3.3,4.8,0.9,0.0,4.8,41,116,0.0,1.0
Lassi Plain,Healthy Drinks,100,62,3.1,6.0,2.5,0.0,5.6,44,110,0.1,0.8
Salted Lassi,Healthy Drinks,100,58,3.2,5.8,2.3,0.0,4.8,180,112,0.1,0.8
Fresh Lime Soda (No Sugar),Healthy Drinks,100,10,0.1,2.8,0.0,0.1,0.5,15,8,0.1,20.0
Herbal Tea,Healthy Drinks,100,2,0.0,0.4,0.0,0.0,0.0,1,0,0.0,0.0
Ginger Tea,Healthy Drinks,100,4,0.1,0.8,0.0,0.1,0.1,2,2,0.1,1.0
Turmeric Milk,Healthy Drinks,100,82,3.5,6.0,4.5,0.2,5.0,48,120,0.1,2.0
Protein Shake,Healthy Drinks,100,120,24.0,3.5,1.5,0.0,2.0,80,120,0.3,0.0
Chocolate Protein Shake,Healthy Drinks,100,135,25.0,5.0,2.0,0.5,3.5,90,125,0.4,0.0
Vanilla Protein Shake,Healthy Drinks,100,130,25.0,4.0,1.8,0.3,2.8,85,122,0.3,0.0
Electrolyte Drink (Sugar Free),Healthy Drinks,100,5,0.0,1.0,0.0,0.0,0.0,180,2,0.0,0.0